"","AIF1","RAB4A","FAM222B"
"TGGGCTGAGTTGGCGA",0,0,1
"ATGGTTGCACCAAATC",0,0,2
"TATATCCCATGGAACG",0,0,0
"GTCGTTCCACTCATAG",0,0,0
"TTTCATGGTCTTTATC",0,0,0
"AAACGCTTCAAACCTG",0,0,2
"AAAGGATCACTTTAGG",0,0,0
"AAAGTGACACTTCAAG",0,1,0
"AATGCCAAGGACGCTA",0,0,0
"AATGCCACAACGGGTA",0,0,0
"ACACTGAAGCAAACAT",0,0,2
"ACCAAACGTATCGGTT",1,1,3
"ACGATGTTCTAGGAAA",0,0,0
"ACTTTCACAAACAGGC",0,0,1
"AGCGTATAGGTGCTGA",0,0,2
"AGGACGAAGAATACAC",0,1,2
"AGGATCTCAACTGTGT",0,0,0
"AGTCTCCTCTCAACGA",0,0,0
"AGTGATCCAACCGACC",0,1,0
"AGTTAGCCAACGCATT",0,0,0
"ATAGGCTAGGCCACTC",0,0,0
"ATCACTTAGAAGTCAT",0,0,0
"ATCACTTCAAATTGCC",0,1,1
"ATCACTTGTTCAAGTC",0,0,1
"ATCCACCTCCATACTT",0,0,1
"ATCGGCGGTCGCGTCA",0,0,0
"ATCGGCGTCACCGACG",0,0,0
"ATCGTCCAGTTCTCTT",0,0,0
"ATGCCTCAGGCCTGAA",0,0,0
"ATGGGTTGTTTGGAGG",0,0,1
"ATTATCCAGTACCGGA",0,0,0
"ATTCACTGTAACGTTC",0,0,0
"CAATACGTCCTAACAG",0,0,0
"CAATTTCCAGTCACGC",0,0,2
"CACATGACATGTCAGT",0,1,0
"CACTAAGAGGGCGAAG",0,0,2
"CAGCAATCATGTCGTA",1,0,0
"CAGCCAGAGGACAGCT",0,0,0
"CAGGTATCATCAGCGC",0,0,2
"CATACAGAGTAGAGTT",0,0,0
"CATTCATGTGTTTCTT",0,1,0
"CATTGCCGTGATGGCA",0,0,0
"CCCATTGGTGGGTTGA",0,0,0
"CCCTGATGTCATGCAT",0,0,0
"CCTACGTGTCGTCAGC",0,0,0
"CCTCATGGTAGCTGAG",1,0,0
"CCTCCAATCTCCCAAC",0,0,0
"CCTGTTGCACATATCG",0,1,0
"CCTGTTGGTACTCGCG",0,0,0
"CGAAGGATCCGCAACG",0,0,1
"CGGAACCCAATGACCT",0,0,2
"CGGGTGTTCAACGTGT",0,0,0
"CGTAAGTTCTCTCTAA",0,0,1
"CGTAGTACAGAGCCCT",0,0,0
"CGTCAAACACTTGAGT",1,0,0
"CGTGCTTTCGCCAGAC",0,1,0
"CGTTGGGCAACAGCTT",0,0,1
"CTAACTTGTAGGTACG",0,1,0
"CTACAGAAGCATAGGC",0,0,3
"GACTCAACACCTTCGT",0,0,1
"GAGTTTGCACTACACA",0,0,0
"GCAGCCATCCGGGACT",0,1,0
"GCGTGCAGTCCGCAGT",0,0,0
"GCGTTTCAGCAGGCAT",0,0,1
"GGGCTCATCGGAATTC",0,0,0
"GGGTCTGCACGTCATA",0,0,0
"GGGTGAAGTTGTCAGT",0,0,0
"GGGTGTCTCGAGATAA",0,0,0
"GGTGAAGGTACAGAGC",0,0,0
"GTAGATCGTACCCAGC",0,0,0
"GTCTGTCTCTCACGAA",0,0,1
"GTGCGTGGTACCACGC",0,0,0
"GTGCTGGTCAAACGTC",0,0,0
"GTGCTTCCACTACCGG",0,0,0
"GTGTTAGAGGCGTTGA",0,0,3
"GTTCTATGTAAGTTAG",0,0,0
"TACTGCCTCCTTCAGC",0,2,0
"TATCGCCAGTAGGCCA",0,0,0
"TCACGGGAGACTCTAC",0,1,0
"TCATCATGTAGAATGT",0,0,0
"TCCGTGTCAACAACAA",0,0,0
"TCCGTGTGTTAATGAG",0,0,0
"TCCTAATCAATGGCAG",0,0,0
"TCCTCGACAAGTTCCA",0,0,0
"TCCTTCTAGGTCTTTG",0,0,2
"TCGACGGTCATACAGC",0,0,1
"TCTATACGTCATCGGC",0,0,1
"TCTCACGGTCGAACAG",0,0,1
"TCTGCCACACCAGTTA",0,1,0
"TCTTAGTTCTACCACC",0,0,0
"TGCGGGTCACAGTACT",4,0,4
"TGGAGGAAGTGCGTCC",0,0,1
"TGGAGGACAAAGACGC",0,0,0
"TGTAACGTCCCTCTTT",0,0,2
"TGTCCACCACCTGATA",0,0,0
"TGTGAGTAGGGCCCTT",0,0,0
"TTACGTTAGACTTCGT",0,0,0
"TTATTGCAGCCACTCG",0,0,0
"TTATTGCGTTGAATCC",0,0,0
"TTCCTTCGTCACTACA",0,0,0
"TTCGCTGCACTCAAGT",1,0,0
"TTTCCTCGTGTTCCAA",0,0,1
"TTTGACTCAAATGAAC",0,0,0
"TCGGTCTAGGCACTAG",0,1,0
"CAGCAATTCTGGTCAA",1,0,1
"TTTATGCTCACGATCA",0,0,0
"AGTAGCTAGTCAAGCG",0,0,1
"CGCATGGAGACCGTTT",1,0,5
"CGTCAAAAGGCTGGAT",0,0,0
"GAATCGTGTGTCACAT",0,0,0
"GTCATGACAAATTGCC",0,0,0
"TGGTAGTCACTACCCT",0,0,1
"AAACCCATCGTTCTCG",0,0,0
"CATGCCTAGTAAGACT",0,0,0
"CGAATTGAGATCGCTT",0,0,0
"GGTAGAGCAGCTACCG",0,0,0
"TAACCAGGTTATGACC",0,0,0
"TCTCACGGTGCTCTTC",0,0,2
"AATTTCCGTATGTCAC",0,0,0
"ATTGGGTGTGAAAGTT",0,0,2
"TCATCCGTCCAAGCCG",0,0,1
"TTCAATCTCAACCTTT",0,0,0
"TTTACTGTCACCGGTG",0,0,2
"CAGGCCAGTCACTACA",0,0,0
"CTATCTATCTATACTC",0,1,0
"GTAATGCCAGATACTC",0,0,0
"GTTACCCGTGCCTGCA",0,0,0
"TACTGCCAGATTGCGG",0,0,0
"AAGCATCAGTCACAGG",0,0,2
"ATGTCCCAGCATTGTC",0,0,0
"AACAAAGAGACGCTCC",0,1,0
"AACCATGCAAAGTATG",0,2,1
"ACCTGTCAGGCTCTAT",0,1,1
"ACGTTCCGTGTCCACG",0,1,0
"AGCCAGCTCCTCACTG",0,1,1
"AGCGCTGAGTCGGGAT",0,1,0
"AGGATAACAAACGAGC",0,1,0
"AGTACCACACATGGTT",0,1,0
"AGTGTTGCAGCGTATT",0,1,0
"AGTTAGCTCAACCGAT",2,2,3
"CACTTCGAGTCACGAG",0,1,2
"CATGAGTAGTCACTCA",0,1,0
"CATGCCTTCTACACAG",0,1,0
"CATGGATTCGAGGCAA",1,1,0
"CGTTGGGTCTTGGATG",0,1,0
"CTCAGAAGTCTTCATT",0,1,0
"CTCAGAAGTGTACGCC",0,1,0
"CTCCCTCCATCGTCCT",0,1,0
"CTTCAATTCAGATTGC",0,1,0
"GAACACTAGTACGAGC",0,1,0
"GCACGGTTCGGCTGGT",0,1,0
"GCACTAACAGGAATCG",0,1,0
"GCGAGAACACTCAAGT",0,1,0
"GCTACAATCGACCATA",1,1,2
"GGAGCAATCAAATGAG",0,1,1
"GGTTGTATCTCTCGCA",0,1,0
"GTAACACAGGTGATAT",0,1,0
"GTAAGTCGTGAGTAAT",0,1,0
"GTCGCGATCAGCGTCG",0,1,0
"GTTAGACAGCGCCTAC",0,1,0
"TCACACCCATCTCCCA",1,1,1
"TCCTGCACAGCATTGT",0,1,0
"TCGCACTGTAGGGAGG",0,2,0
"TGGGTTAAGCAGCACA",0,1,0
"TGTTGGAGTCAACGCC",0,1,0
"TTACCATGTGCGACAA",0,1,0
"TTCGGTCGTAGTGCGA",0,1,0
"TTCTAGTCAAGACCTT",0,1,1
"AAACGCTCAGCACAGA",0,0,0
"AATCGTGCATCCGATA",0,0,1
"AATGGAACAGATTCGT",0,0,0
"ACCACAAGTAACATGA",0,0,0
"ACGTTCCTCTTCCCGA",0,0,0
"ACTTCCGCAATAGGGC",0,0,1
"AGACAGGTCTGAGCAT",1,0,0
"AGAGAATCATGACTCA",0,0,3
"AGAGAATGTTACGATC",0,0,2
"AGAGCAGTCCGCAACG",0,0,5
"AGCCAGCCAGCATCTA",0,0,0
"AGGGCCTAGGTTGTTC",0,0,0
"AGGTCATAGCTCTGTA",0,0,0
"AGTTCGACAGCTCTGG",0,0,1
"ATCCGTCCAACAGCCC",0,0,0
"ATCTCTAGTGATGGCA",0,0,0
"ATGAAAGAGAAGCGAA",0,0,0
"ATGAAAGCAGGAATAT",0,0,1
"ATTACCTCAGTCGCTG",0,0,2
"ATTACCTTCGCTAGCG",0,0,4
"ATTATCCCACTCACTC",0,0,0
"ATTCCATTCACGTCCT",0,0,2
"ATTTACCTCGGCTGGT",0,0,3
"ATTTCACAGATTAGAC",0,0,0
"ATTTCACTCGCATTGA",0,0,0
"CACCGTTCAGGGACTA",0,0,0
"CACGTTCGTGCGAACA",1,0,2
"CAGGGCTCAACATACC",0,0,5
"CATGCAAGTGGCTTAT",1,0,0
"CATGGATTCCAAGAGG",0,0,1
"CCGAACGAGGGTTTCT",0,0,0
"CCGTTCACAAGGATGC",0,0,1
"CCTCCTCTCCAAATGC",0,0,0
"CCTGCATTCATTATCC",1,0,0
"CGACAGCCAAGGTCTT",0,0,0
"CGAGTTACATATCTGG",0,0,0
"CGAGTTATCAACTCTT",0,0,0
"CGCCAGACACGTACAT",0,0,0
"CGCCATTTCGGTGAAG",0,0,0
"CGCGTGAGTCACGCTG",0,0,0
"CGGTCAGTCTGGTGCG",0,0,1
"CTAACCCCACGCTATA",0,0,0
"CTACTATCACGGTCTG",0,0,0
"CTCATCGGTTAGAGAT",0,0,2
"CTCCCAACAGACCTAT",0,0,0
"CTCTGGTAGTCACTGT",0,0,0
"GAAACCTGTTGGACTT",0,0,0
"GAAGGACCAATTTCCT",0,0,0
"GAAGGACCACAGTGAG",0,0,0
"GACCCTTTCCCTAGGG",0,0,1
"GAGTGTTAGAGCAGTC",0,0,0
"GATAGCTCATGCTGCG",0,0,0
"GATTCGAAGTCGCTAT",1,0,0
"GCAGGCTAGTGCTCGC",0,0,2
"GCCGTGAAGCACCAGA",0,0,0
"GCGAGAACAATAGAGT",0,0,0
"GCGTTTCCACCCGTAG",0,0,0
"GCTGAATGTAAGAACT",0,0,0
"GGGACAATCCATTCGC",1,0,2
"GGGATCCAGATTGCGG",0,0,0
"GGTGTCGTCTTACACT",0,0,1
"GGTTGTATCTGGACCG",0,0,0
"GTAACACGTCCCTAAA",0,0,1
"GTCAGCGAGAATGTTG",0,0,7
"GTCAGCGGTAGAATAC",0,0,1
"GTGTAACCAAATCCCA",1,0,0
"TAAGCACCACCAGTAT",0,0,1
"TAATTCCCAATTGCCA",0,0,0
"TCAAGCATCTCGGTCT",0,0,0
"TCACATTCAACCTATG",0,0,0
"TCATACTGTCACTCTC",0,0,3
"TCATCCGCACACCGCA",0,0,0
"TCCAGAAAGAGAGCGG",0,0,0
"TCCGATCCACATGAAA",0,0,0
"TCGTAGATCGTCTAAG",0,0,1
"TCTTCCTCAGTGTGGA",0,0,0
"TGATGCAGTAGCCCTG",0,0,1
"TGCAGTATCGAGGCAA",0,0,0
"TGCGGGTAGCGCGTTC",0,0,0
"TGGAACTAGATGTTCC",0,0,0
"TGGATCATCATTATCC",0,0,0
"TGTGATGCATTGAAAG",0,0,1
"TTCACGCGTTGGGTAG",0,0,0
"TTCCTTCAGATGTTGA",0,0,0
"TTCGGTCCAATGAAAC",0,0,1
"TTGACCCGTTCACGAT",0,0,1
"TTGATGGAGTCTTCCC",0,0,1
"TTGGTTTGTCGGCTAC",0,0,4
"TTTACTGTCAAGCTGT",0,0,0
"TTTAGTCTCGATACTG",0,0,1
"TTTCACAGTGAGACCA",0,0,0
"AACAACCTCTTCCTAA",0,0,0
"AACAAGATCTGAGGCC",0,0,0
"AAGCATCAGCAATAGT",0,0,1
"AATGCCACACACTGGC",0,0,0
"AATGGAAGTTGTGCAT",0,0,0
"ACACGCGGTTACACTG",0,0,3
"ACATCGAAGTATGAGT",0,0,0
"ACATCGACAACCGATT",0,0,3
"ACGTTCCTCTACCAGA",0,0,0
"ACTATCTTCGGAATTC",0,0,0
"AGACCCGCAGGTAGTG",0,0,0
"AGGTAGGGTATCATGC",0,0,0
"ATACCTTAGCCAGTAG",0,0,0
"ATATCCTTCTACACAG",0,0,0
"ATCGCCTGTAGCGATG",0,0,1
"ATCGGCGTCGAACTCA",0,0,1
"CAACGATAGAACAAGG",0,0,0
"CACTTCGAGCATATGA",0,0,0
"CCACCATGTATAATGG",0,0,0
"CCGCAAGGTACCTATG",0,0,0
"CCGGACAAGACTCTAC",0,0,0
"CGAGTTATCATTGCTT",0,0,0
"CGCCATTCATACATCG",0,0,0
"CGCGTGACACATACGT",0,0,0
"CGCGTGATCCAAACCA",0,0,3
"CGTCCATAGGTGGCTA",0,0,1
"CGTGATACATGTGTCA",0,0,1
"CTAGGTAGTCACGCTG",0,0,3
"CTGAATGCATATACCG",0,0,1
"GACATCATCGGAGTGA",0,0,1
"GACCCTTAGACCTCAT",0,0,0
"GACTGATGTCTGCAAT",0,0,0
"GAGTCTAGTAGAGGAA",0,0,1
"GAGTTGTTCTTACCAT",0,0,0
"GCAACATTCGAGATGG",0,0,0
"GCGGATCCAGCAGGAT",0,0,0
"GCTTTCGGTTAAGACA",0,0,2
"GGGACCTAGCGGATCA",0,0,3
"GTAGAAAAGTGAACAT",0,0,0
"GTAGTACGTATCGCAT",0,0,0
"GTCATGACAGTATGAA",0,0,0
"GTGAGCCGTGCTCTCT",0,0,0
"GTGAGGATCTTCTCAA",0,0,0
"GTTACGATCACTCACC",0,0,0
"GTTAGACAGCGTGAGT",0,0,4
"TAACGACCAACTCCCT",0,0,0
"TACCGAAAGAAATCCA",0,0,0
"TACCGAAAGAAGTCTA",0,0,1
"TACCTCGCAGTGACCC",0,0,2
"TCACTCGCAAGACCGA",0,0,1
"TCAGTTTCACTCCCTA",0,0,1
"TCCTCGACAGTAACCT",0,0,0
"TCGGGACGTTACACTG",0,0,0
"TCGTGGGCACTTGTCC",0,0,2
"TCTTTGATCCGTGACG",0,0,0
"TGTACAGCAGCACACC",0,0,0
"TGTCAGACAGGTCCGT",1,0,1
"TGTGGCGCAATCGCAT",0,0,2
"TGTGTGACAAGGATGC",0,0,0
"TTAGTCTCATCATTGG",0,0,0
"TTAGTCTTCATTACGG",0,0,0
"TTGGATGAGTGCCGAA",0,0,1
"TTGGGTAAGATCCGAG",0,0,0
"TTGTTGTAGCATCCCG",0,0,3
"AACCACATCGTCAACA",0,0,0
"AGTGCCGAGGACATCG",1,0,1
"CCCTTAGAGGTGCATG",0,0,0
"CTTCTCTAGGCATTTC",0,0,0
"GTACAGTTCCGTACGG",0,0,0
"TGGGATTGTGAATTGA",0,0,0
"AAAGAACGTTGTATGC",0,0,1
"CGAAGGACAACAGCCC",0,0,0
"AAACGCTTCAAGTTGC",0,0,0
"AAGTGAATCGAGAGAC",0,0,0
"ACAACCAGTGAGAGGG",0,0,0
"ACAGGGAGTACCGTCG",0,0,1
"ACCAAACAGTGGTTAA",0,0,4
"ACCATTTAGTTGCTGT",0,0,3
"ACGGTCGCAATTCACG",0,0,1
"AGAAATGAGCGCCCAT",0,0,1
"AGGACTTCAGGCCCTA",2,0,0
"AGGATCTGTGATGGCA",0,0,0
"AGGCATTGTCGTCATA",0,0,0
"AGGGTTTCAACTGTGT",0,0,0
"AGGTTACTCGGCTGTG",0,0,1
"AGTCATGCAGACCTGC",1,0,0
"ATTCCCGCAGTTAGAA",0,0,0
"CACACAAGTGGCAACA",0,0,2
"CACGTTCCAAGGAGTC",0,0,0
"CAGATTGGTCAACGCC",0,0,1
"CATCGCTCATTGTGCA",0,0,1
"CATTCCGCAAGAGTGC",1,0,1
"CATTGTTAGATGAATC",0,0,0
"CGAATTGCACACGGTC",0,0,1
"CGGGCATCATCCTCAC",0,0,0
"CGTAGTACAGAGCTAG",0,0,0
"CGTTGGGTCGCAGTTA",0,0,1
"CTATAGGGTACCAGAG",0,0,1
"CTGGCAGGTCAGTCGC",0,0,0
"GAAGTAAAGGCGAAGG",0,0,1
"GACCGTGTCGGAGTAG",0,0,1
"GAGGGTACATCAGTGT",2,0,0
"GAGTGAGCAATCTCTT",1,0,0
"GATAGCTGTTGCTAGT",0,0,0
"GATCACAGTTAGGGTG",0,0,0
"GCAACATCAAACACCT",0,0,0
"GCAACATCAGGTCAAG",1,0,0
"GCCATGGGTTCGTTCC",0,0,1
"GCGGAAAGTAGTACGG",0,0,5
"GCTGGGTCAGTAGGAC",0,0,0
"GGAATGGCACAACGAG",1,0,0
"GGGATCCAGGGCAAGG",0,0,0
"GGGCTCAGTGTAAATG",0,0,0
"GGGTCACTCGCTTGCT",0,0,0
"GGTCACGCATCATTGG",0,0,0
"GTAACCAGTCGAACAG",0,0,0
"GTCGTAAAGGTCCCGT",0,0,0
"GTTACAGGTAGACAGC",0,0,0
"TACACCCCATATGAAG",0,0,2
"TACTTACTCTTGAACG",0,0,0
"TAGGAGGAGAATCGAT",0,0,0
"TATCAGGCAGCAGTTT",0,0,0
"TATCCTATCGTTGTAG",0,0,0
"TCAATTCCATGTCAGT",0,0,0
"TCATTACAGCCGGAAT",0,0,2
"TCCTCGACACGAAAGC",0,0,0
"TCTACATGTTTCTATC",0,0,0
"TCTATCATCCACAGGC",0,0,2
"TCTGGCTTCGGACCAC",0,0,1
"TGCAGATAGGTCGCCT",0,0,0
"TGCTGAAGTGAGAGGG",0,0,0
"TGTAGACAGTACCATC",0,0,0
"TGTCAGACAATGCTCA",0,0,0
"TGTGAGTCATGTGGTT",0,0,2
"TGTTCCGTCTTACGTT",0,0,0
"TGTTTGTAGCCGGATA",0,0,0
"TTGAACGGTTAGTCGT",0,0,0
"TTGTGGACATTGCCGG",0,0,0
"TTTATGCAGGTCACCC",0,0,0
"TTTGTTGTCGTCGACG",0,0,0
"AACGGGAGTGCATACT",0,0,0
"AATCGACCAACGATCT",0,0,0
"AATGGAAGTCCTGGTG",0,0,0
"ACACTGACACTAACCA",0,0,0
"ACGGTTATCCTTACCG",0,0,1
"AGAGAATCACAAGGTG",0,0,0
"AGCGCCAAGGTTACCT",0,0,1
"AGGACGATCGGTCATA",0,0,1
"AGGTGTTAGCATACTC",0,0,1
"AGTGTTGAGGAAGTGA",0,0,0
"ATAGGCTAGCATTGTC",0,0,4
"ATCGGCGTCTGCTGAA",0,0,0
"ATGAGTCCACATACTG",0,0,0
"ATTCTTGCAGCACAAG",0,0,0
"ATTGGGTGTGTGCCTG",0,0,0
"CCGAACGTCCAGTGTA",0,0,0
"CCGATGGGTATGCTAC",0,0,0
"CCTTGTGTCCGCAGTG",0,0,0
"CTCTCGAAGCTACGTT",0,0,0
"GAATAGATCGCGTTTC",0,0,1
"GACTGATAGGAGGCAG",0,0,0
"GAGGGTAAGCTGAAGC",0,0,0
"GAGTCTATCATTACCT",0,0,1
"GATAGAAGTCGAGCAA",0,0,0
"GGAGATGCAATTTCCT",0,0,0
"GGGACCTAGCAGCAGT",0,0,0
"GGGTATTCATCTATCT",0,0,0
"GGGTTTAAGGACAGCT",0,0,0
"GGTCACGTCCTATTGT",0,0,0
"GGTGGCTAGGATTCCT",0,0,1
"GTAAGTCAGAATCGTA",0,0,0
"GTGTGATCAGTTAGAA",0,0,0
"GTTAGTGGTCCACTTC",0,0,0
"GTTCATTCAATAGTGA",0,0,1
"TAAGCCAAGGATACCG",0,0,2
"TACGCTCAGGTATAGT",0,0,0
"TACTGCCTCAAACGTC",0,0,0
"TGTACAGGTCATATGC",0,0,1
"TGTGAGTAGATACCAA",0,0,0
"TTCCTCTGTTAGGACG",0,0,2
"TTGTTCAGTCGGATTT",0,0,0
"AAAGTGATCTACGGTA",0,0,0
"CACGAATTCCATCTAT",0,0,3
"GTGAGCCCAAGTTGGG",0,0,0
"GTTCATTTCGCGCCAA",0,0,0
"TACTTGTAGGTAACTA",0,0,0
"TGATGGTTCGTAGCCG",0,0,0
"TGGTGATAGTGGGAAA",0,0,0
"TTGATGGTCTGCTGAA",0,0,0
"AAAGAACGTGTGGTCC",0,0,0
"AGGCCACAGTGGATAT",0,0,0
"AGGGTCCAGTCTGCGC",0,0,0
"ATCGTAGTCGCCAATA",0,0,0
"ATCTTCACAACCCTCT",0,0,0
"ATGTCTTCAGCAGTGA",0,0,0
"CGAGGAATCCGTATAG",0,0,0
"CGCGTGACATCTAGAC",0,0,1
"CTTCGGTTCGAATGCT",0,0,0
"GCTTTCGCAGTAGAGC",0,0,0
"TCATCATCATGCAGCC",0,0,2
"TCCTCGATCTGGACTA",0,0,0
"TGCGGGTCATGGAAGC",0,0,0
"TGTTTGTCATAACTCG",0,0,0
"AGGGCTCTCATCCTGC",0,0,0
"GGGCGTTGTAGCTGAG",0,0,0
"TGAATCGAGACTGTTC",0,0,1
"GTGCAGCGTTGTCCCT",0,0,0
"TCAAGTGGTACGACTT",0,0,0
"AATCACGAGAGTGGCT",0,0,0
"ACCTACCCATTACTCT",0,0,2
"ACTCTCGGTGGTAACG",0,0,0
"ACTTTGTGTCTTGGTA",0,0,0
"AGAAGCGGTGGCGTAA",0,0,2
"AGCTCAAAGAAAGTCT",0,0,1
"AGGATAATCTACCACC",0,0,0
"AGGGCCTTCGAACACT",0,0,0
"AGTTCGAAGTTGGAAT",0,0,0
"ATCTCTATCAAGAATG",0,0,0
"CAATACGCACATTACG",0,0,2
"CAGTGCGTCTACTTCA",0,0,0
"CATCGTCGTTTCACTT",0,0,0
"CATGCGGAGCCGTCGT",0,0,0
"CCAATTTCAAATACGA",0,0,1
"CCCGGAAGTGACAGGT",1,0,2
"CCCTAACCAATCGCAT",0,0,1
"CCCTTAGTCCGTGCGA",0,0,0
"CCTCCAACATGAGATA",0,0,0
"CCTTTGGAGAATAGTC",0,0,0
"CGGTCAGTCGTCGATA",0,0,0
"CGTGTCTTCTTCGCTG",0,0,0
"CTCATCGTCCGATAAC",0,0,0
"CTCCGATGTGCATGTT",0,0,0
"CTGTAGATCTCCAAGA",2,0,0
"GACTCAACAGCTGTAT",0,0,0
"GACTCTCTCGTCAGAT",1,0,0
"GAGTGTTTCGACCATA",0,0,0
"GATGATCCATACACCA",0,0,0
"GATGGAGGTCGAACAG",0,0,0
"GCATCTCAGTCGGCCT",0,0,0
"GCGGATCAGAAGTCAT",0,0,0
"GGAAGTGAGTATTGCC",0,0,1
"GGAATGGTCGCTCTCA",0,0,1
"GGCTGTGGTACGAGCA",0,0,0
"GGGATGACAAAGGGTC",0,0,0
"GGGTCACGTTTACGTG",0,0,0
"GGTTGTAGTTGCATGT",0,0,0
"GTAAGTCTCGCAATTG",0,0,3
"GTAGCTACAGTCCGTG",0,0,1
"GTGCACGCAAAGACTA",0,0,0
"GTGGTTAGTTCCGCGA",0,0,2
"GTGTCCTAGTGCACAG",0,0,2
"TAACGACCAATACGCT",0,0,0
"TACCCGTCACCCTTAC",0,0,3
"TACCTGCTCAATCAGC",0,0,0
"TACGTCCTCGTCTCAC",0,0,0
"TAGACTGAGTCTGCGC",0,0,1
"TAGTGCAAGAGATGCC",0,0,0
"TATCGCCCAACCAATC",0,0,0
"TATTGGGTCCTCAGGG",0,0,0
"TCAAGTGCATGGAATA",0,0,0
"TCCTTTCAGGAACGCT",0,0,0
"TCGAAGTGTCAACATC",0,0,0
"TCGACGGAGATTGGGC",0,0,0
"TCGGGTGAGAGAATCT",0,0,0
"TCGGTCTGTCTGTCCT",0,0,1
"TCGTAGACAGTATGAA",1,0,2
"TCGTAGAGTTCCGCAG",0,0,0
"TCTCACGGTCGAAACG",0,0,1
"TGAATCGGTGACAGGT",0,0,0
"TGATTTCTCCTTTAGT",0,0,0
"TGCAGGCGTCAGGTGA",0,0,0
"TGCATCCCATACATCG",0,0,0
"TGGCGTGTCGGACCAC",0,0,2
"TGGGAAGGTTTCCATT",1,0,1
"TGGGCTGTCTTGAACG",2,0,0
"TGGTTAGTCAGCAATC",0,0,3
"TTCCAATGTCGAAACG",0,0,0
"GTCGTAATCGCAGTGC",0,0,0
"GTGTTAGTCATCACAG",0,0,0
"TTGCCTGCAACGGCTC",1,0,1
"ACTTAGGTCGTCAGAT",0,0,0
"AGCGCCAAGTGGCCTC",0,0,2
"AGGAGGTAGGATGAGA",0,0,1
"AGTTCGAGTGGACTAG",0,0,0
"CAGCCAGTCCTACGGG",0,0,1
"CCTACGTGTGTAAATG",0,0,1
"CGCCATTAGATGATTG",1,0,0
"CGGTCAGGTTCGATTG",0,0,0
"GCCCAGACAGATCCAT",0,0,0
"TACCCGTCAACAGTGG",0,0,0
"TCAGGGCGTATACGGG",0,0,1
"TCAGTGAAGCAAATGT",0,0,0
"TCTCAGCGTCCAAGAG",0,0,0
"TGCGACGAGTGTGTTC",0,0,3
"TGCTGAAAGTGCTCGC",0,0,2
"TGGGTTAGTCTGTCAA",0,0,0
"TTCCACGAGGAACATT",0,0,0
"ACCAACAGTGTATACC",0,0,0
"ACGCACGAGTTGTACC",0,0,0
"ACGCACGGTGACTCGC",0,0,1
"AGACCATAGTTTCGAC",0,0,0
"AGGATAAGTTCGGTTA",0,0,0
"AGGTGTTTCGTGGTAT",1,0,2
"ATCACAGGTGAGAACC",0,0,1
"ATCGGCGAGTATAGGT",0,0,0
"ATGATCGAGCCTGTCG",0,0,0
"CAACAGTCAGGCGATA",1,0,0
"CGTAAGTAGACCAGCA",0,0,0
"GGGAAGTCAGCTATTG",0,0,2
"GTCTCACTCAGTGATC",0,0,0
"TCGAACAAGAGAACCC",0,0,0
"TCGACGGGTGTCTCCT",0,0,0
"TCGGATATCATTCCTA",0,0,0
"TCTGTCGGTCGATTAC",0,0,0
"TGAGGTTAGTATTAGG",0,0,0
"TTGGATGTCGAATGCT",0,0,0
"TAATTCCTCATCACAG",0,0,0
"TAGAGTCAGAGATGCC",2,0,0
"AAGGAATCAGAACATA",0,0,0
"ACTGTCCAGCTTCATG",0,0,0
"GTCTAGAGTACATACC",0,0,3
"ACTGTCCCAATGGCAG",0,0,0
"CGTAGTAAGGAGTATT",0,0,2
"GCTTGGGCACCTGATA",0,0,0
"TAGATCGTCCGTGTGG",0,0,0
"ACATTTCCACTGGACC",0,0,0
"CAATTTCGTCTCAAGT",0,0,0
"TATTGCTTCACAGAGG",0,0,0
"TCATCCGGTCGCTCGA",0,0,0
"TTCTCTCGTACAGGTG",0,0,0
"AGTTAGCAGCGAACTG",0,0,1
"ATTCCTACAAAGGGTC",0,0,0
"GTGTTAGAGTAAGCAT",0,0,0
"TCTGCCACAAGAGCTG",0,0,0
"CGTGATAAGATGGTCG",0,0,0
"GAAGCGAGTTCATCTT",0,0,0
"GGCTGTGAGTGAACAT",0,0,1
"GTGTGGCCATTGCTTT",0,0,0
"TCCATCGCACATAGCT",0,0,0
"TGGTGATTCTCCGATC",0,0,0
"TTGAGTGGTACCGGCT",0,0,0
"TTGTGGAGTTATGGTC",0,0,0
"GACTCAATCAACTGGT",0,0,0
"TAGACCACAGCTACCG",0,0,0
"TGTGTGATCGTAACCA",0,0,0
"ATCACAGGTCGAATGG",0,0,0
"CATCAAGCAGAGGCAT",0,0,0
"TCTTTGATCCCGAGGT",0,0,0
"GTTCCGTCAAAGCGTG",0,0,0
"TAGAGTCCAATACCTG",0,0,0
"CACGTGGGTTCCCAAA",0,0,0
